{
  "accuracy": 0.9999935849652112,
  "precision": 0.9999953391655908,
  "recall": 0.9999980024942188,
  "f1_score": 0.9999966708281316,
  "auc": 0.9999961863939192,
  "fpr": 0.0001228824716931,
  "fnr": 1.997505781114648e-06,
  "far": 6.415034788733659e-06,
  "tn": 56958,
  "fp": 7,
  "fn": 3,
  "tp": 1501870,
  "inference_total_sec": 1.9712509370292537,
  "inference_latency_ms_per_sample": 0.0012645643338366,
  "scenario": "normal",
  "model": "xgboost_normal_top_20",
  "top_k": 20,
  "feature_count": 20,
  "removed_features": null,
  "threshold": 0.5,
  "train_rows": 3356863,
  "holdout_rows": 1558838,
  "training_time_sec": 25.4739535060362,
  "ranking_model_training_time_sec": 58.43360113701783
}